post_id,platform,subreddit,sentiment_score,mood_category,created_at,engagement
post_000,Instagram,,0.244,Chill,2025-10-19T21:02:41.998951,865
post_001,Reddit,,0.219,Neutral,2025-10-15T10:02:41.998951,335
post_002,Instagram,,0.21,Energetic,2025-10-21T00:02:41.998951,362
post_003,Twitter,,0.118,Chill,2025-10-15T02:02:41.998951,421
post_004,Instagram,Spotify,-0.205,Energetic,2025-10-20T06:02:41.998951,534
post_005,Instagram,Spotify,-0.723,Sad,2025-10-17T09:02:41.998951,257
post_006,Instagram,,0.004,Chill,2025-10-21T00:02:41.998951,45
post_007,Reddit,,0.289,Neutral,2025-10-17T11:02:41.998951,699
post_008,Twitter,,0.168,Chill,2025-10-14T23:02:41.998951,454
post_009,Twitter,,-0.541,Sad,2025-10-15T01:02:41.998951,571
post_010,TikTok,,-0.238,Chill,2025-10-17T13:02:41.998951,483
post_011,TikTok,IndieMusic,-0.232,Sad,2025-10-15T07:02:41.998951,400
post_012,Twitter,,-0.516,Sad,2025-10-16T13:02:41.998951,209
post_013,Instagram,IndieMusic,-0.206,Sad,2025-10-14T17:02:41.998951,762
post_014,TikTok,,0.057,Neutral,2025-10-20T08:02:41.998951,906
post_015,Instagram,,0.394,Happy,2025-10-19T03:02:41.998951,982
post_016,Twitter,IndieMusic,-0.705,Sad,2025-10-17T10:02:41.998951,396
post_017,Instagram,HipHop,0.298,Happy,2025-10-18T10:02:41.998951,883
post_018,TikTok,,-0.336,Sad,2025-10-20T10:02:41.998951,706
post_019,TikTok,,0.778,Happy,2025-10-20T16:02:41.998951,302
post_020,Twitter,,0.083,Chill,2025-10-16T02:02:41.998951,506
post_021,Twitter,,0.392,Happy,2025-10-14T19:02:41.998951,956
post_022,Reddit,,-0.281,Neutral,2025-10-21T01:02:41.998951,785
post_023,TikTok,,-0.016,Energetic,2025-10-15T12:02:41.998951,604
post_024,Instagram,,-0.208,Chill,2025-10-19T11:02:41.998951,198
post_025,TikTok,IndieMusic,0.178,Neutral,2025-10-16T11:02:41.998951,898
post_026,Reddit,,0.178,Energetic,2025-10-20T20:02:42.003234,893
post_027,Reddit,,-0.151,Energetic,2025-10-18T22:02:42.003234,725
post_028,TikTok,,-0.139,Chill,2025-10-15T18:02:42.003234,63
post_029,Reddit,,-0.21,Chill,2025-10-18T21:02:42.003234,337
post_030,Reddit,,0.117,Neutral,2025-10-17T07:02:42.003234,424
post_031,TikTok,Music,-0.012,Neutral,2025-10-18T09:02:42.003234,888
post_032,Twitter,,0.121,Energetic,2025-10-14T21:02:42.003234,241
post_033,Reddit,Music,-0.257,Energetic,2025-10-14T23:02:42.003234,928
post_034,Twitter,,-0.253,Chill,2025-10-14T15:02:42.003234,870
post_035,Twitter,,-0.386,Sad,2025-10-17T03:02:42.003234,886
post_036,Instagram,PopHeads,-0.237,Energetic,2025-10-16T10:02:42.003234,901
post_037,Instagram,,0.762,Happy,2025-10-14T21:02:42.003234,552
post_038,TikTok,,-0.239,Sad,2025-10-17T17:02:42.003234,317
post_039,Instagram,,-0.096,Energetic,2025-10-21T06:02:42.003234,458
post_040,Twitter,,0.032,Energetic,2025-10-20T15:02:42.003234,409
post_041,TikTok,,-0.276,Neutral,2025-10-20T23:02:42.003234,970
post_042,Instagram,,-0.764,Sad,2025-10-15T16:02:42.003234,536
post_043,Instagram,,0.069,Chill,2025-10-17T09:02:42.003234,684
post_044,Instagram,,0.174,Chill,2025-10-19T10:02:42.003234,811
post_045,Instagram,,-0.787,Sad,2025-10-20T00:02:42.003234,351
post_046,TikTok,,0.496,Happy,2025-10-20T02:02:42.003234,444
post_047,Instagram,IndieMusic,-0.049,Chill,2025-10-19T12:02:42.003234,861
post_048,Reddit,,0.136,Chill,2025-10-15T09:02:42.003234,804
post_049,Twitter,,0.141,Energetic,2025-10-15T05:02:42.003234,561
post_050,Reddit,,0.508,Happy,2025-10-16T16:02:42.004741,865
post_051,Twitter,,0.224,Energetic,2025-10-21T07:02:42.004741,294
post_052,Twitter,,-0.205,Sad,2025-10-16T08:02:42.004741,267
post_053,TikTok,Music,0.074,Neutral,2025-10-17T10:02:42.004741,793
post_054,Instagram,,0.245,Energetic,2025-10-20T23:02:42.004741,333
post_055,Reddit,,-0.691,Sad,2025-10-19T20:02:42.004741,317
post_056,Twitter,,-0.057,Energetic,2025-10-18T01:02:42.004741,129
post_057,Reddit,,0.435,Happy,2025-10-18T19:02:42.004741,162
post_058,Reddit,,-0.295,Chill,2025-10-14T17:02:42.004741,300
post_059,Twitter,,0.23,Neutral,2025-10-18T05:02:42.005294,969
post_060,Twitter,Music,-0.098,Chill,2025-10-16T00:02:42.005294,275
post_061,Reddit,,0.269,Neutral,2025-10-16T15:02:42.005294,979
post_062,Reddit,,-0.278,Energetic,2025-10-14T16:02:42.005294,304
post_063,TikTok,,0.623,Happy,2025-10-16T22:02:42.005294,718
post_064,TikTok,,0.024,Energetic,2025-10-18T07:02:42.005294,641
post_065,TikTok,,0.519,Happy,2025-10-20T08:02:42.005294,0
post_066,Reddit,,-0.029,Neutral,2025-10-18T16:02:42.005294,160
post_067,TikTok,,0.551,Happy,2025-10-20T17:02:42.005294,692
post_068,Instagram,,-0.221,Sad,2025-10-19T11:02:42.005294,796
post_069,TikTok,,0.548,Happy,2025-10-15T06:02:42.005294,427
post_070,Twitter,IndieMusic,-0.225,Energetic,2025-10-18T05:02:42.005294,945
post_071,TikTok,,-0.36,Sad,2025-10-18T00:02:42.005294,128
post_072,Reddit,,-0.034,Chill,2025-10-17T23:02:42.005294,174
post_073,Instagram,,-0.403,Sad,2025-10-14T23:02:42.005294,113
post_074,TikTok,,-0.429,Sad,2025-10-16T20:02:42.005294,587
post_075,Twitter,,0.259,Neutral,2025-10-20T04:02:42.005294,0
post_076,Twitter,HipHop,0.265,Neutral,2025-10-17T04:02:42.005294,601
post_077,TikTok,,-0.204,Energetic,2025-10-18T22:02:42.005294,584
post_078,TikTok,Music,0.444,Happy,2025-10-18T08:02:42.005294,158
post_079,Twitter,IndieMusic,0.265,Happy,2025-10-17T07:02:42.005294,18
post_080,Reddit,,-0.343,Sad,2025-10-18T02:02:42.005294,364
post_081,Twitter,,-0.075,Neutral,2025-10-17T20:02:42.005294,724
post_082,Instagram,,0.42,Happy,2025-10-15T08:02:42.005294,914
post_083,Reddit,Music,0.029,Energetic,2025-10-20T02:02:42.005294,939
post_084,TikTok,,-0.448,Sad,2025-10-18T11:02:42.005294,961
post_085,Twitter,,0.428,Happy,2025-10-19T13:02:42.005294,449
post_086,Twitter,IndieMusic,-0.285,Energetic,2025-10-16T00:02:42.005294,993
post_087,TikTok,,-0.152,Chill,2025-10-19T18:02:42.005294,943
post_088,Instagram,HipHop,-0.371,Sad,2025-10-15T06:02:42.005294,618
post_089,Reddit,,0.239,Chill,2025-10-19T10:02:42.005294,782
post_090,Twitter,,0.261,Energetic,2025-10-20T03:02:42.005294,333
post_091,Reddit,,0.07,Chill,2025-10-20T10:02:42.005294,668
post_092,TikTok,,0.023,Energetic,2025-10-14T17:02:42.005294,669
post_093,Reddit,,-0.56,Sad,2025-10-17T19:02:42.005294,344
post_094,TikTok,,-0.226,Neutral,2025-10-19T22:02:42.005294,908
post_095,Twitter,,0.54,Happy,2025-10-20T01:02:42.005294,83
post_096,Twitter,IndieMusic,-0.248,Energetic,2025-10-16T13:02:42.005294,684
post_097,Reddit,,-0.733,Sad,2025-10-15T07:02:42.005294,117
post_098,Reddit,,0.231,Chill,2025-10-21T04:02:42.005294,782
post_099,Reddit,Spotify,-0.695,Sad,2025-10-18T13:02:42.005294,151
